"","title","topic","time","path"
"1","屏東魚塭燃燒不明物品　警消灌水戒備中(1329)","社會","09:58","/realtimenews/article/local/20160715/908487/屏東魚塭燃燒不明物品　警消灌水戒備中"
"2","【央廣RTI】尼斯遭攻擊 川普延後宣布副...(528)","國際","09:55","/realtimenews/article/international/20160715/908475/【央廣RTI】尼斯遭攻擊川普延後宣布副手"
"3","中國女遇尼斯恐攻　「有人浴血狂跑如災難片...(6034)","國際","09:53","/realtimenews/article/international/20160715/908478/中國女遇尼斯恐攻　「有人浴血狂跑如災難片」"
"4","【粉紅泡泡】前蜘蛛女3勾好萊塢男神　再續...(3567)","娛樂","09:52","/realtimenews/article/entertainment/20160715/908265/【粉紅泡泡】前蜘蛛女3勾好萊塢男神　再續《爵士情緣》"
"5","【更新】宏達電歐洲高層換將　同拼手機和V...(1821)","財經","09:52","/realtimenews/article/finance/20160715/908440/【更新】宏達電歐洲高層換將　同拼手機和VR事業"
"6","醫界怒了！若再發生醫療暴力就這麼幹(11786)","生活","09:51","/realtimenews/article/life/20160715/908485/醫界怒了！若再發生醫療暴力就這麼幹"
"7","【俗擱大碗】CBS評比　林書豪最物美價廉...(9110)","體育","09:44","/realtimenews/article/sports/20160715/908481/【俗擱大碗】CBS評比　林書豪最物美價廉自由球員約"
"8","【11個月首見】台幣升破32元～升值1....(2747)","財經","09:42","/realtimenews/article/finance/20160715/908477/【11個月首見】台幣升破32元～升值1.48角"
"9","LPGA馬拉松菁英賽首日　徐薇淩繳出70...(897)","體育","09:41","/realtimenews/article/sports/20160715/908479/LPGA馬拉松菁英賽首日　徐薇淩繳出70桿"
"10","尼斯遭恐怖襲擊　黃海寧：2天前才去吃生蠔(3498)","國際","09:40","/realtimenews/article/international/20160715/908448/尼斯遭恐怖襲擊　黃海寧：2天前才去吃生蠔"
"11","【66%毛利率嚇死人】大立光逼近漲停破3...(2684)","財經","09:38","/realtimenews/article/finance/20160715/908465/【66毛利率嚇死人】大立光逼近漲停破3400元"
"12","法國慶釀上百人死傷　歐巴馬：駭人的恐攻(3071)","國際","09:36","/realtimenews/article/international/20160715/908446/法國慶釀上百人死傷　歐巴馬：駭人的恐攻"
"13","【央廣RTI】法國尼斯遭攻擊 英願提供協...(688)","國際","09:35","/realtimenews/article/international/20160715/908473/【央廣RTI】法國尼斯遭攻擊英願提供協助"
"14","蘋概股領軍　台股站上8千9創近1年新高(988)","財經","09:32","/realtimenews/article/finance/20160715/908474/蘋概股領軍　台股站上8千9創近1年新高"
"15","【真神奇】紐約中央公園湖上划龍舟(2658)","國際","09:28","/realtimenews/article/international/20160715/908394/【真神奇】紐約中央公園湖上划龍舟"
"16","謝文定林錦芳立院拜票　遭國民黨與時力婉拒(3429)","政治","09:28","/realtimenews/article/politics/20160715/908461/謝文定林錦芳立院拜票　遭國民黨與時力婉拒"
"17","蜜戀泰勒絲有詭？　邪神洛基這麼說…(10269)","娛樂","09:27","/realtimenews/article/entertainment/20160715/908449/蜜戀泰勒絲有詭？　邪神洛基這麼說…"
"18","華裔領軍爭加薪　小蝦米駁倒大鯨魚(2211)","國際","09:27","/realtimenews/article/international/20160715/908450/華裔領軍爭加薪　小蝦米駁倒大鯨魚"
"19","知名音樂人自揭傷疤　曾被霸凌排擠(3807)","生活","09:27","/realtimenews/article/life/20160715/908466/知名音樂人自揭傷疤　曾被霸凌排擠"
"20","【央廣RTI】尼斯恐攻上百死傷 歐巴馬強...(871)","國際","09:25","/realtimenews/article/international/20160715/908469/【央廣RTI】尼斯恐攻上百死傷歐巴馬強烈關注"
"21","七六人破盤挖角　馬刺情義價4.5億續留吉...(10595)","體育","09:25","/realtimenews/article/sports/20160715/908470/七六人破盤挖角　馬刺情義價4.5億續留吉諾比利"
"22","今天熱到要防中暑　原因是這樣(2524)","生活","09:20","/realtimenews/article/life/20160715/908462/今天熱到要防中暑　原因是這樣"
"23","大聯盟與美國棒協再合作5年　中華職棒與台...(4585)","體育","09:18","/realtimenews/article/sports/20160715/908464/大聯盟與美國棒協再合作5年　中華職棒與台灣棒協？"
"24","【老將逆襲】英國公開賽首輪　米克森獨居領...(941)","體育","09:15","/realtimenews/article/sports/20160715/908463/【老將逆襲】英國公開賽首輪　米克森獨居領先"
"25","【暴衝影片】貨櫃車裝炸彈與武器　「像在打...(18232)","國際","09:07","/realtimenews/article/international/20160715/908433/【暴衝影片】貨櫃車裝炸彈與武器　「像在打保齡球」"
"26","【台將第1人】建仔見歐巴馬　皇家下周五訪...(8346)","體育","09:06","/realtimenews/article/sports/20160715/908457/【台將第1人】建仔見歐巴馬　皇家下周五訪白宮　"
"27","【大立光還能漲2成？】這個原因～被喊看4...(2593)","財經","09:05","/realtimenews/article/finance/20160715/908456/【大立光還能漲2成？】這個原因～被喊看4000"
"28","今明兩天有焚風　大台北高溫飆37℃(1121)","生活","09:00","/realtimenews/article/life/20160715/897978/今明兩天有焚風　大台北高溫飆37℃"
"29","準備廝殺下半季　紅襪換來波梅蘭茲　(4740)","體育","08:53","/realtimenews/article/sports/20160715/908451/準備廝殺下半季　紅襪換來波梅蘭茲　"
"30","法國慶慘劇　川普延後舉行副手記者會(2578)","國際","08:46","/realtimenews/article/international/20160715/908445/法國慶慘劇　川普延後舉行副手記者會"
"31","台積電先進製程衝　兩外資保守看(2233)","財經","08:43","/realtimenews/article/finance/20160715/908447/台積電先進製程衝　兩外資保守看"
"32","法國慶卡車「剷平」人群　龍應台：悲傷！(8958)","國際","08:42","/realtimenews/article/international/20160715/908441/法國慶卡車「剷平」人群　龍應台：悲傷！"
"33","尼斯遇襲時巴黎鐵塔也冒出濃煙　虛驚一場(2030)","國際","08:41","/realtimenews/article/international/20160715/908442/尼斯遇襲時巴黎鐵塔也冒出濃煙　虛驚一場"
"34","你敢嗎？　挑戰不騎機車玩台南(17263)","生活","08:40","/realtimenews/article/life/20160715/908243/你敢嗎？　挑戰不騎機車玩台南"
"35","【蘋果Live】立法院9屆第1會期　第2...(1065)","政治","08:30","/realtimenews/article/politics/20160715/908452/【蘋果Live】立法院9屆第1會期　第21次會議9點直播"
"36","【財訊】民進黨黨職改選》新系繼續當老大　...(5261)","政治","08:28","/realtimenews/article/politics/20160715/907981/【財訊】民進黨黨職改選》新系繼續當老大　蘇系、謝系都拉警報"
"37","一銀盜領8000萬　傳增至9人涉案(12333)","社會","08:28","/realtimenews/article/local/20160715/908436/一銀盜領8000萬　傳增至9人涉案"
"38","鄭明典po「背風渦旋」雲圖　它是這樣形成...(2152)","生活","08:26","/realtimenews/article/life/20160715/908438/鄭明典po「背風渦旋」雲圖　它是這樣形成的"
"39","【法國慶慘劇】 美目擊者：一開始像意外(6840)","國際","08:09","/realtimenews/article/international/20160715/908437/【法國慶慘劇】美目擊者：一開始像意外"
"40","【壹週刊】昆凌消腫招數很佛心　TRX做一...(2613)","壹週刊","08:02","/realtimenews/article/nextmag/20160715/908146/【壹週刊】昆凌消腫招數很佛心　TRX做一休三也OK"
"41","德國跑車辣妹技師愛刺青　來台露美臀瘋紋身(42997)","生活","08:00","/realtimenews/article/life/20160715/908111/德國跑車辣妹技師愛刺青　來台露美臀瘋紋身"
"42","【你爆蘋果報】攏系假欸?！　婚友聯誼網站...(4564)","生活","07:45","/realtimenews/article/life/20160715/908360/【你爆蘋果報】攏系假欸?！　婚友聯誼網站冒用他人照片做「幸福見證」"
"43","【買房問蘋果】平面圖　怎麼看消防、民生水...(4050)","地產","07:38","/realtimenews/article/property/20160715/906557/【買房問蘋果】平面圖　怎麼看消防、民生水箱"
"44","逾2千萬人下載《寶可夢》　連他們都在玩(11310)","生活","07:30","/realtimenews/article/life/20160715/908428/逾2千萬人下載《寶可夢》　連他們都在玩"
"45","中華電搭Google　租電影享半價(1500)","3C","07:25","/realtimenews/article/3c/20160715/908213/中華電搭Google　租電影享半價"
"46","喬治牌咖啡機　爸爸節激殺6.6折(2649)","3C","07:22","/realtimenews/article/3c/20160715/908211/喬治牌咖啡機　爸爸節激殺6.6折"
"47","APP幫叫床　連塞車都免驚(1774)","3C","07:21","/realtimenews/article/3c/20160715/908299/APP幫叫床　連塞車都免驚"
"48","台藝人轉發「中國一點都不能少」　網友怒嗆(90326)","政治","07:19","/realtimenews/article/politics/20160715/908424/台藝人轉發「中國一點都不能少」　網友怒嗆"
"49","北市電梯8樓墜下　受困男子送醫(13179)","社會","07:12","/realtimenews/article/local/20160715/908413/北市電梯8樓墜下　受困男子送醫"
"50","勞動新制衝擊人力　台鐵下月起減車次(3691)","生活","07:01","/realtimenews/article/life/20160715/908426/勞動新制衝擊人力　台鐵下月起減車次"
"51","【壹週刊】恩啊～溫布頓男女單冠軍穿這樣～(3923)","壹週刊","07:00","/realtimenews/article/nextmag/20160715/908084/【壹週刊】恩啊～溫布頓男女單冠軍穿這樣～"
"52","【壹週刊】萬人迷歸營　洛基報到《雷神3》...(2592)","壹週刊","06:50","/realtimenews/article/nextmag/20160715/908233/【壹週刊】萬人迷歸營　洛基報到《雷神3》順便做公益"
"53","【壹週刊】千萬不要阿美姊　藍色眼妝畫法(2411)","壹週刊","06:40","/realtimenews/article/nextmag/20160715/908217/【壹週刊】千萬不要阿美姊　藍色眼妝畫法"
"54","盜領集團繪製地圖　3組人馬分3地撈錢(17310)","社會","06:38","/realtimenews/article/local/20160715/908421/盜領集團繪製地圖　3組人馬分3地撈錢"
"55","【法國慶慘劇】卡車衝撞人群　目擊者：路上...(22097)","國際","06:36","/realtimenews/article/international/20160715/908425/【法國慶慘劇】卡車衝撞人群　目擊者：路上都是屍體"
"56","七月十五日世界各報頭條搶先報(1491)","國際","06:30","/realtimenews/article/international/20160715/908422/七月十五日世界各報頭條搶先報"
"57","【壹週刊】夏日炎炎　日本青森人這樣趕睡魔(1599)","壹週刊","06:25","/realtimenews/article/nextmag/20160715/907958/【壹週刊】夏日炎炎　日本青森人這樣趕睡魔"
"58","【壹週刊】Erika曝《星光大道》心機遭...(2257)","壹週刊","06:20","/realtimenews/article/nextmag/20160715/905925/【壹週刊】Erika曝《星光大道》心機遭遇　〈繞〉唱紓困"
"59","【壹週刊】乘風破浪海泳貓　正港台灣米克斯(4149)","壹週刊","06:18","/realtimenews/article/nextmag/20160715/908020/【壹週刊】乘風破浪海泳貓　正港台灣米克斯"
"60","七月十五日各報頭條搶先報(4117)","政治","06:17","/realtimenews/article/politics/20160715/908415/七月十五日各報頭條搶先報"
"61","【壹週刊】星期五　他們全國上下都在跳舞(907)","壹週刊","06:15","/realtimenews/article/nextmag/20160715/907170/【壹週刊】星期五　他們全國上下都在跳舞"
"62","【壹週刊】留英正妹接市場老攤　火辣搞怪賣...(14877)","壹週刊","06:12","/realtimenews/article/nextmag/20160715/907315/【壹週刊】留英正妹接市場老攤　火辣搞怪賣貢丸"
"63","【更新】傳任川普副手　印第安那州州長同意...(2932)","國際","06:10","/realtimenews/article/international/20160715/908385/【更新】傳任川普副手　印第安那州州長同意搭檔　"
"64","【壹週刊】 狗仔直擊》蔡詩芸 獨守空閨好...(7161)","壹週刊","06:08","/realtimenews/article/nextmag/20160715/907368/【壹週刊】狗仔直擊》蔡詩芸獨守空閨好寂寞"
"65","【壹週刊】被譏雙腿「張開開」　伊林小模高...(11944)","壹週刊","06:00","/realtimenews/article/nextmag/20160715/908072/【壹週刊】被譏雙腿「張開開」　伊林小模高中遭言語暴力"
"66","廖阿輝：最新VoWiFi通話技術 WiF...(4858)","論壇","06:00","/realtimenews/article/forum/20160715/908416/廖阿輝：最新VoWiFi通話技術WiFi也可以打電話"
"67","H：買記憶的生日(1140)","論壇","06:00","/realtimenews/article/forum/20160715/908418/H：買記憶的生日"
"68","七月十五日財經焦點搶先看(3098)","財經","05:55","/realtimenews/article/finance/20160715/908414/七月十五日財經焦點搶先看"
"69","炸壩洩洪全村急撤　「忠雞」堅守主人家門(6184)","國際","05:45","/realtimenews/article/international/20160715/908412/炸壩洩洪全村急撤　「忠雞」堅守主人家門"
"70","Google倡性別平等表情符號　新增11...(1387)","國際","05:27","/realtimenews/article/international/20160715/908411/Google倡性別平等表情符號　新增11個職業女性"
"71","【法廣RFI】『炎黃春秋』遭接管提訴 籲...(1071)","國際","05:20","/realtimenews/article/international/20160715/908408/【法廣RFI】『炎黃春秋』遭接管提訴籲關注"
"72","陸童金屬筷塞插座　雙手觸電燒傷恐截指(2628)","國際","05:17","/realtimenews/article/international/20160715/908410/陸童金屬筷塞插座　雙手觸電燒傷恐截指"
"73","【法廣RFI】退歐人士負責英國的脫歐談判(975)","論壇","05:10","/realtimenews/article/forum/20160715/908407/【法廣RFI】退歐人士負責英國的脫歐談判"
"74","【法廣RFI】法國國慶閱兵:獨特的步兵犬...(3554)","國際","05:00","/realtimenews/article/international/20160715/908406/【法廣RFI】法國國慶閱兵:獨特的步兵犬方隊"
"75","陸漢被告上法院　庭審中突脫褲要如廁(2102)","國際","04:48","/realtimenews/article/international/20160715/908405/陸漢被告上法院　庭審中突脫褲要如廁"
"76","東京都知事補選　21人角逐創最多紀錄(1029)","國際","04:14","/realtimenews/article/international/20160715/908403/東京都知事補選　21人角逐創最多紀錄"
"77","3K黨拓展勢力？舊金山廣發傳單召募新兵(2133)","國際","04:12","/realtimenews/article/international/20160715/908401/3K黨拓展勢力？舊金山廣發傳單召募新兵"
"78","赴中協商　菲前總統：尚未獲通知(1965)","國際","03:57","/realtimenews/article/international/20160715/908402/赴中協商　菲前總統：尚未獲通知"
"79","羅馬尼亞疑現奴隸村　65名男孩被迫打鬥當...(7214)","國際","03:41","/realtimenews/article/international/20160715/908400/羅馬尼亞疑現奴隸村　65名男孩被迫打鬥當娛樂　"
"80","防警民糾紛　聖荷西警開始戴隨身攝影機(1565)","國際","03:37","/realtimenews/article/international/20160715/908398/防警民糾紛　聖荷西警開始戴隨身攝影機"
"81","全美最大離岸風力發電廠　將落腳紐約(3541)","國際","03:12","/realtimenews/article/international/20160715/908395/全美最大離岸風力發電廠　將落腳紐約"
"82","陽光動力2號抵開羅　將踏上最後航程(987)","國際","02:54","/realtimenews/article/international/20160715/908397/陽光動力2號抵開羅　將踏上最後航程"
"83","澳退休老虎鬥雞眼　擬動手術救視力(2093)","國際","02:43","/realtimenews/article/international/20160715/908396/澳退休老虎鬥雞眼　擬動手術救視力"
"84","差杜拜乞丐一點　紐約流浪漢日賺2000(12077)","國際","02:08","/realtimenews/article/international/20160715/908392/差杜拜乞丐一點　紐約流浪漢日賺2000"
"85","【國際為什麼】日皇明仁生前退位夢難實現(9454)","國際","02:01","/realtimenews/article/international/20160715/908391/【國際為什麼】日皇明仁生前退位夢難實現"
"86","美夫婦拒鄰桌用餐　警員反應超溫馨(17358)","國際","01:55","/realtimenews/article/international/20160715/908393/美夫婦拒鄰桌用餐　警員反應超溫馨"
"87","4分鐘幕後花絮　紀錄FENDI許願池大秀...(1591)","時尚","01:54","/realtimenews/article/fashion/20160715/908207/4分鐘幕後花絮　紀錄FENDI許願池大秀歷程"
"88","分別80年　年少好友養老院再相逢(4528)","國際","01:34","/realtimenews/article/international/20160715/908390/分別80年　年少好友養老院再相逢"
"89","共軍徵兵　美採靜默外交抗中國(10157)","國際","01:20","/realtimenews/article/international/20160715/908388/共軍徵兵　美採靜默外交抗中國"
"90","特斯拉自駕安全存疑　《消費者報告》籲更名(2475)","國際","01:14","/realtimenews/article/international/20160715/908389/特斯拉自駕安全存疑　《消費者報告》籲更名"
"91","【動畫重建】IS認了　戰爭部長被美軍狙殺(8595)","國際","00:55","/realtimenews/article/international/20160715/908386/【動畫重建】IS認了　戰爭部長被美軍狙殺"
"92","【法廣RFI】菲促陸尊重仲裁 雙邊關係有...(1649)","國際","00:50","/realtimenews/article/international/20160715/908374/【法廣RFI】菲促陸尊重仲裁雙邊關係有待觀察"
"93","英國新內閣　最大爆點是他(4528)","國際","00:50","/realtimenews/article/international/20160715/908384/英國新內閣　最大爆點是他"
"94","真頭大　法國總統月花35萬搞頭毛(3397)","國際","00:40","/realtimenews/article/international/20160715/908381/真頭大　法國總統月花35萬搞頭毛"
"95","【愛飛遜】潮鞋打6折　還不快去搶？(6462)","副刊","00:34","/realtimenews/article/strange/20160715/908158/【愛飛遜】潮鞋打6折　還不快去搶？"
"96","【法廣RFI】日本天皇闢謠: 沒說要退位...(1794)","國際","00:30","/realtimenews/article/international/20160715/908372/【法廣RFI】日本天皇闢謠:沒說要退位!"
"97","維密天使好夯！碧兒泉再添新代言人(3585)","時尚","00:22","/realtimenews/article/fashion/20160715/908271/維密天使好夯！碧兒泉再添新代言人"
"98","袋鼠苦苦哀求 結果～～(7694)","動物","00:21","/realtimenews/article/animal/20160715/908282/袋鼠苦苦哀求結果～～"
"99","不要走　汪汪就是不要走(3390)","動物","00:19","/realtimenews/article/animal/20160715/908278/不要走　汪汪就是不要走"
"100","​【變聲】這些女生　比男生還要男「聲」！(3048)","副刊","00:17","/realtimenews/article/strange/20160715/908297/​【變聲】這些女生　比男生還要男「聲」！"
"101","好大膽！偷吃竟然不擦嘴(4487)","動物","00:15","/realtimenews/article/animal/20160715/908322/好大膽！偷吃竟然不擦嘴"
"102","【神創意】玩不到《Pokemon GO》...(7327)","3C","00:14","/realtimenews/article/3c/20160715/908324/【神創意】玩不到《PokemonGO》你可以這樣做"
"103","【海外首試】法拉利最新獵跑勇闖阿爾卑斯山(3965)","副刊","00:13","/realtimenews/article/strange/20160715/908246/【海外首試】法拉利最新獵跑勇闖阿爾卑斯山"
"104","人鼠合奏！網友狂按讚(2055)","動物","00:13","/realtimenews/article/animal/20160715/908318/人鼠合奏！網友狂按讚"
"105","毛小孩不過是想～～ 難度超高(3852)","動物","00:12","/realtimenews/article/animal/20160715/908284/毛小孩不過是想～～難度超高"
"106","【爽報周冷】全壘打王的產量危機(5645)","生活","00:12","/realtimenews/article/life/20160715/908327/【爽報周冷】全壘打王的產量危機"
"107","【愛漂亮】秋冬3種紅　妳愛哪一種？(2252)","副刊","00:12","/realtimenews/article/strange/20160715/908339/【愛漂亮】秋冬3種紅　妳愛哪一種？"
"108","【不要惹我】貓貓發威 連黑熊都怕！(3085)","動物","00:11","/realtimenews/article/animal/20160715/908268/【不要惹我】貓貓發威連黑熊都怕！"
"109","準備變身！80年代女孩都瘋過的卡通(4872)","副刊","00:11","/realtimenews/article/strange/20160715/908286/準備變身！80年代女孩都瘋過的卡通"
"110","支持房屋稅合理化(3587)","論壇","00:10","/realtimenews/article/forum/20160715/907896/支持房屋稅合理化"
"111","​【占卜】都幾十歲的人　還惹我生氣！(1977)","副刊","00:10","/realtimenews/article/strange/20160715/908276/​【占卜】都幾十歲的人　還惹我生氣！"
"112","為圓夢離家選美　美乳長腿成最佳比基尼小姐(13971)","正妹","00:10","/realtimenews/article/beauty/20160715/908335/為圓夢離家選美　美乳長腿成最佳比基尼小姐"
"113","【法廣RFI】陸陡然警告升級: 南海將成...(9174)","國際","00:10","/realtimenews/article/international/20160715/908364/【法廣RFI】陸陡然警告升級:南海將成為戰爭搖籃"
"114","必魯搭日本料理也能吼搭啦(1330)","副刊","00:09","/realtimenews/article/strange/20160715/908371/必魯搭日本料理也能吼搭啦"
"115","認清現實須先割除舊念(5015)","論壇","00:08","/realtimenews/article/forum/20160715/907897/認清現實須先割除舊念"
"116","【消夜文】握在手心的幸福(1346)","副刊","00:08","/realtimenews/article/strange/20160715/908365/【消夜文】握在手心的幸福"
"117","超威！連藍寶堅尼和法拉利都讓步(9065)","動物","00:07","/realtimenews/article/animal/20160715/908314/超威！連藍寶堅尼和法拉利都讓步"
"118","【新趨勢】健身房附設托兒服務　媽媽運動無...(1688)","副刊","00:07","/realtimenews/article/strange/20160715/908352/【新趨勢】健身房附設托兒服務　媽媽運動無負擔"
"119","呂秋遠：從那張紅十字會郵票談起(7092)","論壇","00:06","/realtimenews/article/forum/20160715/907901/呂秋遠：從那張紅十字會郵票談起"
"120","IKEA這些可一物多用　回購率最高(6208)","副刊","00:06","/realtimenews/article/strange/20160715/908279/IKEA這些可一物多用　回購率最高"
"121","主題樂園也瘋VR　 結合真實與虛擬世界搶...(1472)","3C","00:06","/realtimenews/article/3c/20160715/908316/主題樂園也瘋VR　結合真實與虛擬世界搶客　"
"122","肥胖易提高早死機率　男性影響更大(2626)","國際","00:06","/realtimenews/article/international/20160715/908380/肥胖易提高早死機率　男性影響更大"
"123","【法師片】妹子最紅髮型是平頭(1444)","副刊","00:05","/realtimenews/article/strange/20160715/908376/【法師片】妹子最紅髮型是平頭"
"124","趙少康：蔡英文如何落實新南向(3929)","論壇","00:04","/realtimenews/article/forum/20160715/908067/趙少康：蔡英文如何落實新南向"
"125","不准小四童去校外教學　嬤控乖孫遭全校霸凌(134710)","生活","00:04","/realtimenews/article/life/20160715/908242/不准小四童去校外教學　嬤控乖孫遭全校霸凌"
"126","【Google開趴】免費玩VR　瘋MIT...(865)","3C","00:04","/realtimenews/article/3c/20160715/908351/【Google開趴】免費玩VR　瘋MIT手遊"
"127","【祕密客】用福袋裝的烏龍麵(3047)","副刊","00:04","/realtimenews/article/strange/20160715/908358/【祕密客】用福袋裝的烏龍麵"
"128","【歷史紀錄】拼了！里約奧運台將奪金最高獎...(17927)","體育","00:03","/realtimenews/article/sports/20160715/908124/【歷史紀錄】拼了！里約奧運台將奪金最高獎金4千萬　"
"129","不懂兜風的快感！汪汪怒吃空氣(1781)","動物","00:03","/realtimenews/article/animal/20160715/908319/不懂兜風的快感！汪汪怒吃空氣"
"130","卜蜂董座：給予是公司立足之本　經營者要將...(2769)","財經","00:02","/realtimenews/article/finance/20160715/907531/卜蜂董座：給予是公司立足之本　經營者要將心比心"
"131","賴芳玉：對於「司法是人民的司法」的期待(1131)","論壇","00:02","/realtimenews/article/forum/20160715/908264/賴芳玉：對於「司法是人民的司法」的期待"
"132","若新加坡股市今再凸槌　交易所CEO飯碗是...(2101)","財經","00:02","/realtimenews/article/finance/20160715/908362/若新加坡股市今再凸槌　交易所CEO飯碗是否不保？"
"133","​7月15日(五)　全球重要經濟數據預覽(849)","財經","00:01","/realtimenews/article/finance/20160715/905998/​7月15日(五)　全球重要經濟數據預覽"
"134","【圖解新聞】熱浪恐來襲！中暑致命4大警訊(6899)","生活","00:01","/realtimenews/article/life/20160715/907859/【圖解新聞】熱浪恐來襲！中暑致命4大警訊"
"135","【慎入】超強跑酷極限運動　小心嚇到尿褲子(4894)","社會","00:01","/realtimenews/article/local/20160715/908196/【慎入】超強跑酷極限運動　小心嚇到尿褲子"
"136","退火四神冰　台中人吃一百年了(22716)","副刊","00:01","/realtimenews/article/strange/20160715/908346/退火四神冰　台中人吃一百年了"
"137","【法律問蘋果】子女不顧病父　妻也不能賣房...(16599)","社會","00:00","/realtimenews/article/local/20160715/903158/【法律問蘋果】子女不顧病父　妻也不能賣房付醫藥費"
"138","軍艦南巡後  蔡政府的下一步(2719)","論壇","00:00","/realtimenews/article/forum/20160715/907110/軍艦南巡後蔡政府的下一步"
"139","【俏蘿莉】5歲可背圓周率200位　學前教...(4563)","國際","00:00","/realtimenews/article/international/20160715/908154/【俏蘿莉】5歲可背圓周率200位　學前教育惹議"
"140","【蘋果報馬仔】老虎戰皇家　可能形成打擊戰(3848)","體育","00:00","/realtimenews/article/sports/20160715/908219/【蘋果報馬仔】老虎戰皇家　可能形成打擊戰"
"141","小隻馬正妹　甜美笑容青春無敵(7777)","正妹","00:00","/realtimenews/article/beauty/20160715/908323/小隻馬正妹　甜美笑容青春無敵"
"142","【富比士名人榜】1年賺28億 C.羅高居...(3639)","體育","00:00","/realtimenews/article/sports/20160715/908345/【富比士名人榜】1年賺28億C.羅高居運動明星之冠"
"143","日本免治馬桶好貼心　其實日本人根本不太用(8462)","國際","00:00","/realtimenews/article/international/20160715/908370/日本免治馬桶好貼心　其實日本人根本不太用"
"144","鐵板燒師傅打蛋神技　空拋分殼炒出心形蛋(16114)","國際","00:00","/realtimenews/article/international/20160715/908375/鐵板燒師傅打蛋神技　空拋分殼炒出心形蛋"
"145","【你絕對想不到】在新加坡買Altis竟要...(170676)","財經","23:59","/realtimenews/article/finance/20160714/907768/【你絕對想不到】在新加坡買Altis竟要280萬！"
"146","被SONY香水機誘惑　國二女生遭餵毒性侵(39603)","社會","23:59","/realtimenews/article/local/20160714/907919/被SONY香水機誘惑　國二女生遭餵毒性侵"
"147","【閃片】疑用電過載 　變電箱爆炸火花四射...(3827)","社會","23:50","/realtimenews/article/local/20160714/907871/【閃片】疑用電過載　變電箱爆炸火花四射　"
"148","【法廣RFI】美中網戰再起 美:遭陸官方...(1392)","國際","23:50","/realtimenews/article/international/20160714/908361/【法廣RFI】美中網戰再起美:遭陸官方駭客攻入"
"149","任天堂超懷舊der　迷你復刻版NSE都出...(2830)","財經","23:50","/realtimenews/article/finance/20160714/908377/任天堂超懷舊der　迷你復刻版NSE都出現了"
"150","日澳：應遵守南海判決　引中國大不滿(4018)","國際","23:46","/realtimenews/article/international/20160714/908378/日澳：應遵守南海判決　引中國大不滿"
"151","英國皇家海軍認證　太平水「品質比其他地方...(80235)","政治","23:40","/realtimenews/article/politics/20160714/907953/英國皇家海軍認證　太平水「品質比其他地方好」"
"152","【法廣RFI】南海仲裁只是一場國際輿論戰(1445)","論壇","23:40","/realtimenews/article/forum/20160714/908369/【法廣RFI】南海仲裁只是一場國際輿論戰"
"153","【法廣RFI】法國庆:歐蘭德任內最後的阅...(562)","國際","23:30","/realtimenews/article/international/20160714/908350/【法廣RFI】法國庆:歐蘭德任內最後的阅兵"
"154","都缺三壘打　朱育賢連兩天差點完全打擊(6893)","體育","23:18","/realtimenews/article/sports/20160714/908373/都缺三壘打　朱育賢連兩天差點完全打擊"
"155","玖壹壹辦桌宣傳啤酒　健志爆喝醉糗事(9519)","娛樂","23:10","/realtimenews/article/entertainment/20160714/908188/玖壹壹辦桌宣傳啤酒　健志爆喝醉糗事"
"156","【法廣RFI】聯合國特使望敘八月恢復和談(324)","國際","23:10","/realtimenews/article/international/20160714/908348/【法廣RFI】聯合國特使望敘八月恢復和談"
"157","SpeXial晨翔突破尺度　透膚蕾絲襯衫...(5072)","娛樂","23:03","/realtimenews/article/entertainment/20160714/908244/SpeXial晨翔突破尺度　透膚蕾絲襯衫胸肌若隱若現"
"158","【更新】猿獅板凳清空　洪總：近身球不該丟...(30744)","體育","23:02","/realtimenews/article/sports/20160714/908312/【更新】猿獅板凳清空　洪總：近身球不該丟頭部"
"159","【暖流】阿嬤心裡苦不能說 「躲廁所流淚」(13106)","生活","23:00","/realtimenews/article/life/20160714/906560/【暖流】阿嬤心裡苦不能說「躲廁所流淚」"
"160","【法廣RFI】法國國慶:節日歡慶與政治紛...(420)","論壇","23:00","/realtimenews/article/forum/20160714/908363/【法廣RFI】法國國慶:節日歡慶與政治紛擾"
"161","控心腹洩密　川普求償3.2億元(2514)","國際","23:00","/realtimenews/article/international/20160714/908368/控心腹洩密　川普求償3.2億元"
"162","獨留狗狗在車上3小時　餇主遭罰1.5萬元(15860)","生活","22:56","/realtimenews/article/life/20160714/907946/獨留狗狗在車上3小時　餇主遭罰1.5萬元"
"163","【超神速】張閔勛楊岱均同日初登場　首安未...(9411)","體育","22:55","/realtimenews/article/sports/20160714/908045/【超神速】張閔勛楊岱均同日初登場　首安未出現"
"164","【瞎】乘客怒毆運將　竟是為了這件事(10433)","社會","22:53","/realtimenews/article/local/20160714/908162/【瞎】乘客怒毆運將　竟是為了這件事"
"165","【央廣RTI】國軍公墓裡藏軍火！？(3424)","生活","22:52","/realtimenews/article/life/20160714/908138/【央廣RTI】國軍公墓裡藏軍火！？"
"166","【法廣RFI】菲國要求陸尊重南海仲裁結果(2471)","國際","22:50","/realtimenews/article/international/20160714/908344/【法廣RFI】菲國要求陸尊重南海仲裁結果"
"167","【獨家直擊】林心如孕肚首曝光　霍建華喝茫...(712225)","娛樂","22:43","/realtimenews/article/entertainment/20160714/907599/【獨家直擊】林心如孕肚首曝光　霍建華喝茫扶回家"
"168","醉男撞車奪兩命屏檢起訴　死者母盼重刑　(13835)","社會","22:41","/realtimenews/article/local/20160714/907743/醉男撞車奪兩命屏檢起訴　死者母盼重刑　"
"169","【更新】陳偉殷周六戰紅雀　馬林魚下半季他...(29477)","體育","22:40","/realtimenews/article/sports/20160714/907658/【更新】陳偉殷周六戰紅雀　馬林魚下半季他是關鍵　　"
"170","顏寬恒發動肉搜「他」　網友：還不趕快逃(228231)","政治","22:40","/realtimenews/article/politics/20160714/907707/顏寬恒發動肉搜「他」　網友：還不趕快逃"
"171","控光田隱瞞真相　打人女兒要求公布全部影片(104141)","社會","22:40","/realtimenews/article/local/20160714/908033/控光田隱瞞真相　打人女兒要求公布全部影片"
"172","LINE在美掛牌首日大漲近36%　市值衝...(27031)","財經","22:34","/realtimenews/article/finance/20160714/908356/LINE在美掛牌首日大漲近36　市值衝上近3000億"
"173","【更新】杜蘭特抵台　騎腳踏車體驗台北基隆...(17424)","體育","22:33","/realtimenews/article/sports/20160714/906900/【更新】杜蘭特抵台　騎腳踏車體驗台北基隆河畔風情"
"174","《Doctors》帥哥玩壁咚　高人氣演韓...(12858)","娛樂","22:33","/realtimenews/article/entertainment/20160714/908056/《Doctors》帥哥玩壁咚　高人氣演韓版《步步驚心》"
"175","【公庫】高若想聲明：我當兼任助理的這些日...(2832)","論壇","22:30","/realtimenews/article/forum/20160714/908143/【公庫】高若想聲明：我當兼任助理的這些日子……"
"176","【法廣RFI】南海仲裁:美竭力遊說其他當...(2983)","國際","22:30","/realtimenews/article/international/20160714/908342/【法廣RFI】南海仲裁:美竭力遊說其他當事國低調"
"177","【更新】年金改革　銓敘部：公保沒有破產疑...(5914)","政治","22:28","/realtimenews/article/politics/20160714/908087/【更新】年金改革　銓敘部：公保沒有破產疑慮"
"178","殺債主棄屍還脫產　法官：要養幼4子判18...(17042)","社會","22:27","/realtimenews/article/local/20160714/907734/殺債主棄屍還脫產　法官：要養幼4子判18年"
"179","【南海仲裁】菲派特使赴中　他國恐跟進提仲...(7391)","國際","22:24","/realtimenews/article/international/20160714/908357/【南海仲裁】菲派特使赴中　他國恐跟進提仲裁"
"180","麥當勞看準商機　全部分店都是精靈武道館(8790)","國際","22:22","/realtimenews/article/international/20160714/908354/麥當勞看準商機　全部分店都是精靈武道館"
"181","豬哥亮《大顯神威》裝落魄　揪林美秀當夫妻(6524)","娛樂","22:18","/realtimenews/article/entertainment/20160714/908224/豬哥亮《大顯神威》裝落魄　揪林美秀當夫妻"
"182","築夢小當家　大學生揹30公斤鍋具環島(3471)","生活","22:17","/realtimenews/article/life/20160714/908167/築夢小當家　大學生揹30公斤鍋具環島"
"183","【有片】禿頭賊連偷70間店　被逮竟這樣說(5596)","社會","22:16","/realtimenews/article/local/20160714/907840/【有片】禿頭賊連偷70間店　被逮竟這樣說"
"184","「女總統芭比」　首見女女搭檔(1521)","國際","22:16","/realtimenews/article/international/20160714/908353/「女總統芭比」　首見女女搭檔"
"185","【公庫】勞工入工會，長榮別打壓(1862)","社會","22:16","/realtimenews/article/local/20160714/908355/【公庫】勞工入工會，長榮別打壓"
"186","觸擊全壘打可能嗎？　300公里速球做實驗(26400)","生活","22:14","/realtimenews/article/life/20160714/908349/觸擊全壘打可能嗎？　300公里速球做實驗"
"187","【法廣RFI】陸《炎黃春秋》被官方派員接...(1231)","國際","22:10","/realtimenews/article/international/20160714/908336/【法廣RFI】陸《炎黃春秋》被官方派員接管"
"188","【更新】陳俊秀雙響砲助陣　桃猿10:2擊...(12165)","體育","22:06","/realtimenews/article/sports/20160714/908176/【更新】陳俊秀雙響砲助陣　桃猿10:2擊敗統一"
"189","​【噁爆慎入】港女姊妹惡租霸　屎尿砌牆吊...(209478)","社會","22:04","/realtimenews/article/local/20160714/907557/​【噁爆慎入】港女姊妹惡租霸　屎尿砌牆吊貓腐屍"
"190","Popu Lady洪詩好敢　親嘴影片「曬...(6525)","娛樂","22:04","/realtimenews/article/entertainment/20160714/907989/PopuLady洪詩好敢　親嘴影片「曬恩愛」"
"191","【更新】高國輝21轟追平林智勝　中職最快...(8502)","體育","22:02","/realtimenews/article/sports/20160714/908302/【更新】高國輝21轟追平林智勝　中職最快300打點"
"192","【一銀更新】就是他！主嫌容貌曝光　警模擬...(112303)","社會","22:01","/realtimenews/article/local/20160714/907811/【一銀更新】就是他！主嫌容貌曝光　警模擬5變裝照緝捕"
"193","【TOMO雙語爆】新科技也擋不了　美國開...(3562)","國際","22:00","/realtimenews/article/international/20160714/908329/【TOMO雙語爆】新科技也擋不了　美國開罐器陸橋照掀卡車頂"
"194","單身不寂寞　你可以像他帶「女友」出遊(11689)","國際","22:00","/realtimenews/article/international/20160714/908333/單身不寂寞　你可以像他帶「女友」出遊"
"195","【環境資訊】水庫集水區守住了！ 內政部拍...(4173)","生活","22:00","/realtimenews/article/life/20160714/908343/【環境資訊】水庫集水區守住了！內政部拍板：統一夢世界「不予開發」"
"196","少女無照酒駕撞傷人竟免罰　全因警察......(63287)","社會","21:58","/realtimenews/article/local/20160714/907803/少女無照酒駕撞傷人竟免罰　全因警察.....　　"
"197","【環境資訊】立委提修《水保法》 山坡地開...(1233)","生活","21:58","/realtimenews/article/life/20160714/908340/【環境資訊】立委提修《水保法》山坡地開發水保計畫免經政府審查"
"198","美股小跳步走揚　持續改寫歷史新高(1769)","財經","21:57","/realtimenews/article/finance/20160714/908341/美股小跳步走揚　持續改寫歷史新高"
"199","馬英九秀的那瓶「太平水」　來自於.......(51912)","政治","21:55","/realtimenews/article/politics/20160714/907922/馬英九秀的那瓶「太平水」　來自於......"
"200","【環境資訊】濕地復耕水稻才是王道 五溝水...(979)","生活","21:54","/realtimenews/article/life/20160714/908337/【環境資訊】濕地復耕水稻才是王道五溝水自然農法田前景看好"
"201","【法廣RFI】蒙古亞歐峰會在即 疑議南海...(1357)","國際","21:50","/realtimenews/article/international/20160714/908315/【法廣RFI】蒙古亞歐峰會在即疑議南海仲裁"
"202","調查：1成4上班族每月加班達5天(2684)","生活","21:50","/realtimenews/article/life/20160714/908330/調查：1成4上班族每月加班達5天"
"203","【環境資訊】每年5兆根菸屁股亂丟 重金屬...(2168)","生活","21:50","/realtimenews/article/life/20160714/908334/【環境資訊】每年5兆根菸屁股亂丟重金屬污染恐進入食物鏈"
"204","【星鮮人】性感刀腿女闖好萊塢　阿湯哥、林...(13234)","娛樂","21:45","/realtimenews/article/entertainment/20160714/907378/【星鮮人】性感刀腿女闖好萊塢　阿湯哥、林詣彬都要她"
"205","亞青男排臺灣5局不敵伊拉克　明戰澳洲(2697)","體育","21:45","/realtimenews/article/sports/20160714/908317/亞青男排臺灣5局不敵伊拉克　明戰澳洲"
"206","6歲女童不會數數　爸硬塞洋蔥噎死她(8258)","國際","21:45","/realtimenews/article/international/20160714/908320/6歲女童不會數數　爸硬塞洋蔥噎死她"
"207","【環境資訊】稀客小桑鳲現身台中都會公園 ...(1318)","生活","21:44","/realtimenews/article/life/20160714/908331/【環境資訊】稀客小桑鳲現身台中都會公園台灣首次繁殖紀錄"
"208","【公庫】華信航空工會 致謝世謙董事長公開...(1333)","論壇","21:44","/realtimenews/article/forum/20160714/908332/【公庫】華信航空工會致謝世謙董事長公開信"
"209","華航罷工後　長榮空服員1500人加入空服...(101232)","生活","21:43","/realtimenews/article/life/20160714/908115/華航罷工後　長榮空服員1500人加入空服員工會"
"210","【TOMO雙語爆】巴頓魯治少年嫌犯竊槍　...(799)","國際","21:40","/realtimenews/article/international/20160714/908328/【TOMO雙語爆】巴頓魯治少年嫌犯竊槍　預謀殺警"
"211","華碩沈振來越南秀ZF3　竟爆2款隱藏版！(7762)","財經","21:36","/realtimenews/article/finance/20160714/908250/華碩沈振來越南秀ZF3　竟爆2款隱藏版！"
"212","做事找對方法　職場上才能事半功倍(2232)","生活","21:35","/realtimenews/article/life/20160714/908321/做事找對方法　職場上才能事半功倍"
"213","想幹掉阿信　石頭組團當主唱攻犀利趴(8543)","娛樂","21:33","/realtimenews/article/entertainment/20160714/908294/想幹掉阿信　石頭組團當主唱攻犀利趴"
"214","【壹週刊】50～70歲消費力強　豪華入門...(3557)","壹週刊","21:30","/realtimenews/article/nextmag/20160714/908180/【壹週刊】50～70歲消費力強　豪華入門車正夯"
"215","【法廣RFI】周董遭陸一法院官方微博辱罵(5555)","娛樂","21:30","/realtimenews/article/entertainment/20160714/908311/【法廣RFI】周董遭陸一法院官方微博辱罵"
"216","東西不分錯4年　歪果仁抓包烏龍指示牌(7564)","生活","21:25","/realtimenews/article/life/20160714/907857/東西不分錯4年　歪果仁抓包烏龍指示牌"
"217","面板備貨旺季　32~43吋漲幅擴大(3282)","財經","21:24","/realtimenews/article/finance/20160714/908275/面板備貨旺季　32~43吋漲幅擴大"
"218","【紐約我來了】LINE的誕生全因它！(4620)","財經","21:23","/realtimenews/article/finance/20160714/908139/【紐約我來了】LINE的誕生全因它！"
"219","傳國民黨8月破產　行管會：看執政黨何時抽...(10774)","政治","21:22","/realtimenews/article/politics/20160714/908308/傳國民黨8月破產　行管會：看執政黨何時抽銀根"
"220","【法廣RFI】俄國海上漂浮核電站下海調試(2011)","國際","21:20","/realtimenews/article/international/20160714/908306/【法廣RFI】俄國海上漂浮核電站下海調試"
"221","Tiffany推薦88禮和七夕禮　褲帶勒...(4825)","時尚","21:20","/realtimenews/article/fashion/20160714/908230/Tiffany推薦88禮和七夕禮　褲帶勒緊表心意"
"222","八三夭團員2個進醫院　自嘲「最硬的一年」(7612)","娛樂","21:16","/realtimenews/article/entertainment/20160714/908257/八三夭團員2個進醫院　自嘲「最硬的一年」"
"223","一銀ATM盜領金額 　達8327萬元(5322)","財經","21:16","/realtimenews/article/finance/20160714/908293/一銀ATM盜領金額　達8327萬元"
"224","玩家四處抓怪　美動物收容所盼幫忙遛狗(3499)","國際","21:16","/realtimenews/article/international/20160714/908310/玩家四處抓怪　美動物收容所盼幫忙遛狗"
"225","【TOMO雙語爆】Yelp高階主管大峽谷...(3548)","國際","21:15","/realtimenews/article/international/20160714/908326/【TOMO雙語爆】Yelp高階主管大峽谷賞景　墜崖身亡"
"226","【好好養身】哈菸主播張宇告別台視　「從電...(76583)","娛樂","21:12","/realtimenews/article/entertainment/20160714/908039/【好好養身】哈菸主播張宇告別台視　「從電視新聞畢業」"
"227","【法廣RFI】遙控ATM機自動吐鈔嫌犯被...(4191)","社會","21:10","/realtimenews/article/local/20160714/908227/【法廣RFI】遙控ATM機自動吐鈔嫌犯被鎖定"
"228","【假的】Hebe新歌MV被批　搬出海濤法...(25454)","娛樂","21:10","/realtimenews/article/entertainment/20160714/907980/【假的】Hebe新歌MV被批　搬出海濤法師救援"
"229","四招秘技拍風景照　翻轉手機拍出美麗倒影(2070)","生活","21:10","/realtimenews/article/life/20160714/908304/四招秘技拍風景照　翻轉手機拍出美麗倒影"
"230","【公庫】137所大學濫用學習型助理　學權...(1129)","政治","21:06","/realtimenews/article/politics/20160714/908309/【公庫】137所大學濫用學習型助理　學權團體赴勞動部檢舉"
"231","【公庫】民團籲：請總統撤回司法院政府院長...(2461)","政治","21:05","/realtimenews/article/politics/20160714/908307/【公庫】民團籲：請總統撤回司法院政府院長及大法官提名案"
"232","魔鬼藏在細節裡　小英政府的BUG是這個(7357)","財經","21:04","/realtimenews/article/finance/20160714/907714/魔鬼藏在細節裡　小英政府的BUG是這個"
"233","【鄉民焦點】明天Pokemon Go？假...(39800)","生活","21:04","/realtimenews/article/life/20160714/908200/【鄉民焦點】明天PokemonGo？假的？這個消息業障重●凸肚！華心戀夜唱林心如露孕味"
"234","張韶涵露肩開聽歌會　搭油畫藝術打歌(4416)","娛樂","21:02","/realtimenews/article/entertainment/20160714/908236/張韶涵露肩開聽歌會　搭油畫藝術打歌"
"235","【更新】林智勝開轟貢獻2打點　中信3比1...(16178)","體育","21:01","/realtimenews/article/sports/20160714/908183/【更新】林智勝開轟貢獻2打點　中信3比1勝義大"
"236","【法廣RFI】涉盜取美軍機資料商人蘇斌被...(887)","國際","21:00","/realtimenews/article/international/20160714/908303/【法廣RFI】涉盜取美軍機資料商人蘇斌被判"
"237","【公庫】環團：搶救白海豚 要求能源局撤除...(905)","政治","21:00","/realtimenews/article/politics/20160714/908305/【公庫】環團：搶救白海豚要求能源局撤除離岸風電區塊"
"238","【TOMO雙語爆】義大利兩列火車迎面相撞...(1156)","國際","21:00","/realtimenews/article/international/20160714/908325/【TOMO雙語爆】義大利兩列火車迎面相撞25死"
"239","顏寬恒「肉搜」小黃司機一整天　結果…(14926)","政治","20:56","/realtimenews/article/politics/20160714/908255/顏寬恒「肉搜」小黃司機一整天　結果…"
"240","美媒專訪阿薩德：美國沒有認真在打IS(3888)","國際","20:55","/realtimenews/article/international/20160714/908288/美媒專訪阿薩德：美國沒有認真在打IS"
"241","勞動部：外勞患愛滋　要找到新僱主才能換(2376)","生活","20:55","/realtimenews/article/life/20160714/908301/勞動部：外勞患愛滋　要找到新僱主才能換"
"242","熱傷害恐致命　3點不漏防曬(25390)","副刊","20:54","/realtimenews/article/strange/20160714/907450/熱傷害恐致命　3點不漏防曬"
"243","【公庫】[影片]華信航空薪情差  地勤：...(6171)","生活","20:50","/realtimenews/article/life/20160714/906791/【公庫】[影片]華信航空薪情差地勤：1個人當4個人"
"244","窮人看病欠費　診斷書竟遭註「無恥之徒」(18174)","社會","20:50","/realtimenews/article/local/20160714/907856/窮人看病欠費　診斷書竟遭註「無恥之徒」"
"245","7月14日台灣彩券開獎號碼(3176)","生活","20:50","/realtimenews/article/life/20160714/908296/7月14日台灣彩券開獎號碼"
"246","黑影劃過窗　探頭驚見男陳屍大排(14784)","社會","20:49","/realtimenews/article/local/20160714/907955/黑影劃過窗　探頭驚見男陳屍大排"
"247","神奇寶貝迷必敗　用空拍機更好抓(3967)","3C","20:48","/realtimenews/article/3c/20160714/908298/神奇寶貝迷必敗　用空拍機更好抓"
"248","【獨家有片】周幼婷湊好字　兒子10月報到(124632)","娛樂","20:46","/realtimenews/article/entertainment/20160714/907806/【獨家有片】周幼婷湊好字　兒子10月報到"
"249","​20多歲姊妹花竟卵巢早衰　醫師：恐因外...(63102)","生活","20:44","/realtimenews/article/life/20160714/907883/​20多歲姊妹花竟卵巢早衰　醫師：恐因外食"
"250","為何大家都迷Pokemon GO　原來是...(65280)","生活","20:42","/realtimenews/article/life/20160714/907666/為何大家都迷PokemonGO　原來是這原因"
"251","沒錢買動漫周邊沒關係　日本紅十字會幫你(1368)","生活","20:42","/realtimenews/article/life/20160714/908291/沒錢買動漫周邊沒關係　日本紅十字會幫你"
"252","村上春樹首部電子書今上市　新作最快年底出...(1123)","副刊","20:40","/realtimenews/article/strange/20160714/908292/村上春樹首部電子書今上市　新作最快年底出版"
"253","瞎！柯市府環保局竟新設「味道課」？(4151)","生活","20:35","/realtimenews/article/life/20160714/908095/瞎！柯市府環保局竟新設「味道課」？"
"254","光田護理師態度差被毆？　第三者還原現場(123095)","社會","20:33","/realtimenews/article/local/20160714/907831/光田護理師態度差被毆？　第三者還原現場"
"255","12星座通通有　PANDORA伴你友誼長...(3415)","時尚","20:33","/realtimenews/article/fashion/20160714/908249/12星座通通有　PANDORA伴你友誼長存"
"256","主播石怡潔轉主持　第一天就負傷(7152)","娛樂","20:32","/realtimenews/article/entertainment/20160714/908193/主播石怡潔轉主持　第一天就負傷"
"257","家鄉開轟　花蓮人鄭鎧文挑戰新人球季18轟(4462)","體育","20:29","/realtimenews/article/sports/20160714/908285/家鄉開轟　花蓮人鄭鎧文挑戰新人球季18轟"
"258","三張照片網友驚　寶可夢開放區「宛如邪教」(74530)","生活","20:28","/realtimenews/article/life/20160714/907796/三張照片網友驚　寶可夢開放區「宛如邪教」"
"259","瞎！電線桿插路中央　假扮分隔島？(3728)","生活","20:27","/realtimenews/article/life/20160714/908280/瞎！電線桿插路中央　假扮分隔島？"
"260","【獨家】自己的冗員自己抓　5綠委組「打肥...(13262)","政治","20:25","/realtimenews/article/politics/20160714/908201/【獨家】自己的冗員自己抓　5綠委組「打肥貓小組」"
"261","一銀盜領案　嫌犯安德列斯照曝光(16311)","社會","20:25","/realtimenews/article/local/20160714/908266/一銀盜領案　嫌犯安德列斯照曝光"
"262","台鐵爆炸案　嫌犯仍無法做筆錄(4130)","社會","20:24","/realtimenews/article/local/20160714/907893/台鐵爆炸案　嫌犯仍無法做筆錄"
"263","日本冰上精靈襲台！14歲本田真凜小巨蛋見(4315)","體育","20:20","/realtimenews/article/sports/20160714/908281/日本冰上精靈襲台！14歲本田真凜小巨蛋見"
"264","綠營主委聯誼會長出爐　南市黨部主委顏純左...(2054)","政治","20:19","/realtimenews/article/politics/20160714/908187/綠營主委聯誼會長出爐　南市黨部主委顏純左出線"
"265","老大國輝全壘打大賽尬老么國麟　老二餵球(3786)","體育","20:19","/realtimenews/article/sports/20160714/908212/老大國輝全壘打大賽尬老么國麟　老二餵球"
"266","海科院前發現浮屍　2海巡救援時腿骨折(13450)","社會","20:17","/realtimenews/article/local/20160714/907688/海科院前發現浮屍　2海巡救援時腿骨折"
"267","【首例】她打110謊報失竊　遭法院裁罰2...(24895)","社會","20:16","/realtimenews/article/local/20160714/908053/【首例】她打110謊報失竊　遭法院裁罰2千"
"268","【法廣RFI】陸施壓成功 東協共同聲明流...(4506)","國際","20:15","/realtimenews/article/international/20160714/908251/【法廣RFI】陸施壓成功東協共同聲明流產"
"269","妻月退俸比月薪多？　張盛和向監委說明是淨...(6587)","政治","20:15","/realtimenews/article/politics/20160714/908267/妻月退俸比月薪多？　張盛和向監委說明是淨所得"
"270","【獨家直擊】歐陽龍看1億豪宅　妮妮出國當...(224207)","娛樂","20:13","/realtimenews/article/entertainment/20160714/907563/【獨家直擊】歐陽龍看1億豪宅　妮妮出國當志工被酸爆"
"271","H奶柔軟度超群　雨宮留菜伏地挺身下不去(151137)","正妹","20:11","/realtimenews/article/beauty/20160714/908254/H奶柔軟度超群　雨宮留菜伏地挺身下不去"
"272","休7天照開轟　林智勝21轟獨居全壘打王(6293)","體育","20:10","/realtimenews/article/sports/20160714/908216/休7天照開轟　林智勝21轟獨居全壘打王"
"273","閃避一周　爆蛋女學生終於現身(13587)","生活","20:09","/realtimenews/article/life/20160714/907782/閃避一周　爆蛋女學生終於現身"
"274","周幼婷產子後復出　預約戲裡也當媽(15588)","娛樂","20:08","/realtimenews/article/entertainment/20160714/908100/周幼婷產子後復出　預約戲裡也當媽"
"275","【法廣RFI】新興經濟體現復蘇跡象(1060)","財經","20:05","/realtimenews/article/finance/20160714/908241/【法廣RFI】新興經濟體現復蘇跡象"
"276","漁船遭撞沉　越南要中國賠償(4153)","國際","20:02","/realtimenews/article/international/20160714/908247/漁船遭撞沉　越南要中國賠償"
"277","日本讓人尖叫的設計　你看過幾個　　　(11393)","地產","20:01","/realtimenews/article/property/20160714/908025/日本讓人尖叫的設計　你看過幾個　　　"
"278","【人夫妄想】吳中天導片推妻下海　床戲想自...(15427)","娛樂","20:01","/realtimenews/article/entertainment/20160714/908049/【人夫妄想】吳中天導片推妻下海　床戲想自己上"
"279","不用找教練　這三招讓你擁有大胸肌(3785)","生活","20:00","/realtimenews/article/life/20160714/908253/不用找教練　這三招讓你擁有大胸肌"
"280","朴信惠有偷練　嬌羞跳TWICE謝恩(16736)","娛樂","19:58","/realtimenews/article/entertainment/20160714/907903/朴信惠有偷練　嬌羞跳TWICE謝恩"
"281","【咖啡倒了~沒關係】宏碁推防潑水小筆電(2106)","財經","19:57","/realtimenews/article/finance/20160714/908240/【咖啡倒了~沒關係】宏碁推防潑水小筆電"
"282","非洲隨想：法國純情男遇上非洲心機女(2636)","論壇","19:57","/realtimenews/article/forum/20160714/908258/非洲隨想：法國純情男遇上非洲心機女"
"283"," 【醫藥新知】老師出現職業倦怠可能會影響...(939)","國際","19:55","/realtimenews/article/international/20160714/908260/【醫藥新知】老師出現職業倦怠可能會影響到學生？"
"284","【法廣RFI】陸前副總理之子捲入萬科豪宅...(1609)","國際","19:55","/realtimenews/article/international/20160714/908222/【法廣RFI】陸前副總理之子捲入萬科豪宅疑雲"
"285","203公分澳門第1長人讀台師大　籃排雙棲(5252)","體育","19:54","/realtimenews/article/sports/20160714/908261/203公分澳門第1長人讀台師大　籃排雙棲"
"286","【公庫】周平：即便身體惡化，仍要痛斥高教...(2400)","論壇","19:50","/realtimenews/article/forum/20160714/906958/【公庫】周平：即便身體惡化，仍要痛斥高教敗壞！"
"287","南海仲裁的啟示：台灣人角色錯置的民粹(5323)","論壇","19:50","/realtimenews/article/forum/20160714/908248/南海仲裁的啟示：台灣人角色錯置的民粹"
"288","【有片】惡意程式盜領8千萬　神秘資安部隊...(138194)","社會","19:49","/realtimenews/article/local/20160714/907405/【有片】惡意程式盜領8千萬　神秘資安部隊出動緝凶"
"289","【報喜】台積電Q2 EPS 2.8元　本...(5837)","財經","19:46","/realtimenews/article/finance/20160714/907924/【報喜】台積電Q2EPS2.8元　本季營收增15"
"290","【壹週刊】M-Benz GLA雙生車　I...(5297)","壹週刊","19:46","/realtimenews/article/nextmag/20160714/908177/【壹週刊】M-BenzGLA雙生車　InfinitiQ30平價搶市"
"291","謝哲青站台百年靈救難錶　讚「值得的生命投...(2694)","時尚","19:45","/realtimenews/article/fashion/20160714/908101/謝哲青站台百年靈救難錶　讚「值得的生命投資」"
"292","【法廣RFI】巴黎協和廣場(600)","副刊","19:45","/realtimenews/article/strange/20160714/908218/【法廣RFI】巴黎協和廣場"
"293","客運喊減班　公路局：擅自減班最高罰9萬元(1997)","生活","19:38","/realtimenews/article/life/20160714/908237/客運喊減班　公路局：擅自減班最高罰9萬元"
"294","花蓮應援團加持　N4直逼3成打擊率(2066)","體育","19:38","/realtimenews/article/sports/20160714/908239/花蓮應援團加持　N4直逼3成打擊率"
"295","【更新】英國央行按兵不動　英鎊猛升2.4...(2613)","財經","19:36","/realtimenews/article/finance/20160714/908205/【更新】英國央行按兵不動　英鎊猛升2.49"
"296","【法廣RFI】曾鈺成選特首？每天講得露一...(374)","國際","19:35","/realtimenews/article/international/20160714/908208/【法廣RFI】曾鈺成選特首？每天講得露一些"
"297","穿Nike被罵漢奸　強國男地鐵大打出手 (7078)","國際","19:35","/realtimenews/article/international/20160714/908223/穿Nike被罵漢奸　強國男地鐵大打出手"
"298","【抓寶怪事多】瘋玩《Pokemon Go...(12161)","國際","19:34","/realtimenews/article/international/20160714/907913/【抓寶怪事多】瘋玩《PokemonGo》　抓到通緝犯"
"299","周末登台快閃　AV天使萌伴唱求饒(9099)","娛樂","19:33","/realtimenews/article/entertainment/20160714/908134/周末登台快閃　AV天使萌伴唱求饒"
"300","【熱舞有片】這支舞讓台北紅到全世界　全球...(129684)","生活","19:30","/realtimenews/article/life/20160714/907290/【熱舞有片】這支舞讓台北紅到全世界　全球85城市瘋傳"
"301","批遠雄指控　柯P：我設的刑堂　他還沒走進...(42241)","生活","19:27","/realtimenews/article/life/20160714/908004/批遠雄指控　柯P：我設的刑堂　他還沒走進來"
"302","【法廣RFI】大陸推進國企央企改革(670)","財經","19:25","/realtimenews/article/finance/20160714/908206/【法廣RFI】大陸推進國企央企改革"
"303","【GAME啥】雷霆Roberson來台　...(872)","3C","19:22","/realtimenews/article/3c/20160714/908228/【GAME啥】雷霆Roberson來台　嗨翻全場"
"304","中信7月打3場　先發投手今天救援熱手感(5630)","體育","19:20","/realtimenews/article/sports/20160714/908229/中信7月打3場　先發投手今天救援熱手感"
"305","孫怡辦紮染展　閨密盧南君想到髒話T恤(2785)","時尚","19:17","/realtimenews/article/fashion/20160714/908063/孫怡辦紮染展　閨密盧南君想到髒話T恤"
"306","【沃草】聘僱外籍看護家庭無法申請「喘息」...(2175)","政治","19:16","/realtimenews/article/politics/20160714/908226/【沃草】聘僱外籍看護家庭無法申請「喘息」服務林淑芬：都有繳稅怎成二等公民？│長期照護"
"307","【法廣RFI】特首薦港生升學大陸 子女卻...(1610)","國際","19:15","/realtimenews/article/international/20160714/908197/【法廣RFI】特首薦港生升學大陸子女卻留英"
"308","【壹週刊】雪紅姐賺到　推電競VR宏碁只能...(2311)","壹週刊","19:13","/realtimenews/article/nextmag/20160714/908225/【壹週刊】雪紅姐賺到　推電競VR宏碁只能乖乖買Vive"
"309","【動畫呈現】他兩年只花176元　省錢關鍵...(62469)","國際","19:12","/realtimenews/article/international/20160714/907631/【動畫呈現】他兩年只花176元　省錢關鍵是這個"
"310","【慎入】大喊討厭人生　美19歲青年誘警殺...(7260)","國際","19:12","/realtimenews/article/international/20160714/907996/【慎入】大喊討厭人生　美19歲青年誘警殺他"
"311","【有片】媒介少女賣淫　恩客還沒來他先上(169206)","社會","19:11","/realtimenews/article/local/20160714/907400/【有片】媒介少女賣淫　恩客還沒來他先上"
"312","胡智為閃耀未來之星賽　看好名列百大新秀(5506)","體育","19:11","/realtimenews/article/sports/20160714/908088/胡智為閃耀未來之星賽　看好名列百大新秀"
"313","【有片】這小三好狂　不甘被甩燒正宮車(67064)","社會","19:10","/realtimenews/article/local/20160714/907601/【有片】這小三好狂　不甘被甩燒正宮車"
"314","M-346FT升級版亮相　爭取我空軍高教...(10755)","政治","19:10","/realtimenews/article/politics/20160714/908153/M-346FT升級版亮相　爭取我空軍高教機採購"
"315","女童社區泳池溺水　送醫搶救未脫險境(18175)","社會","19:06","/realtimenews/article/local/20160714/908186/女童社區泳池溺水　送醫搶救未脫險境"
"316","豪恩師戴東尼爆料：尼克有人恨林來瘋(92803)","體育","19:05","/realtimenews/article/sports/20160714/907690/豪恩師戴東尼爆料：尼克有人恨林來瘋"
"317","洪秀柱：2年內清查國民黨產　扣除負債全捐...(36358)","政治","19:05","/realtimenews/article/politics/20160714/907739/洪秀柱：2年內清查國民黨產　扣除負債全捐做公益"
"318","【法廣RFI】遏陸人炒樓囤積 溫市擬徵空...(1241)","財經","19:05","/realtimenews/article/finance/20160714/908195/【法廣RFI】遏陸人炒樓囤積溫市擬徵空置稅"
"319","融化惹～天王嫂曬1歲兒　肥小手太Q(39806)","娛樂","19:04","/realtimenews/article/entertainment/20160714/907915/融化惹～天王嫂曬1歲兒　肥小手太Q"
"320","司機為公車充電　技工少做這事害他被電死(10099)","社會","19:04","/realtimenews/article/local/20160714/908179/司機為公車充電　技工少做這事害他被電死"
"321","北京尊重美方在南海利益　不要干擾區域國家(3013)","國際","19:04","/realtimenews/article/international/20160714/908203/北京尊重美方在南海利益　不要干擾區域國家"
"322","不爽被老闆兒開除　男藉酒壯膽要同歸於盡(6285)","社會","19:03","/realtimenews/article/local/20160714/907848/不爽被老闆兒開除　男藉酒壯膽要同歸於盡"
"323","文化局斷水斷電　南市議政館自行發電開館(1955)","生活","19:01","/realtimenews/article/life/20160714/908202/文化局斷水斷電　南市議政館自行發電開館"
"324","TRF投資爭議　半數與銀行和解(1988)","財經","18:58","/realtimenews/article/finance/20160714/908204/TRF投資爭議　半數與銀行和解"
"325","飲料包材股生力軍　吉源控股申請第一上市(1959)","財經","18:58","/realtimenews/article/finance/20160714/908209/飲料包材股生力軍　吉源控股申請第一上市"
"326","劉昱言還沒牛棚　先被職棒震撼教育(6583)","體育","18:56","/realtimenews/article/sports/20160714/908157/劉昱言還沒牛棚　先被職棒震撼教育"
"327","大老闆紛紛轉籍當外國人　會計師：稅制有別(4092)","財經","18:56","/realtimenews/article/finance/20160714/908198/大老闆紛紛轉籍當外國人　會計師：稅制有別"
"328","【法廣RFI】新種小蟲命名“習近平” 北...(2941)","國際","18:55","/realtimenews/article/international/20160714/908194/【法廣RFI】新種小蟲命名“習近平”北京不爽"
"329","日職二軍明星賽　吳念庭3支2、1打點1得...(3571)","體育","18:55","/realtimenews/article/sports/20160714/908210/日職二軍明星賽　吳念庭3支2、1打點1得分"
"330","【更新】Pokémon超夯　網拍搜尋量爆...(4290)","生活","18:53","/realtimenews/article/life/20160714/908136/【更新】Pokémon超夯　網拍搜尋量爆增2倍"
